Nama Barang,sisa,SSI,MITRA,HERA,ABCD,NAURA,PARAMA,KJF,DSSA,SML,ELANG,ASTRO,BCL,SBS
TEMPRA SYR 6OML,1,43734,43.734,,,43.734,43297,43297,,43297,43734,,,43.734
TEMPRA FORTE 60ML,0,48396,48.396,,49.924,48.396,47912,47912,,47912,,47192,49.924,48.396
TEMPRA FORTE 30 ML,0,,,,,25.530,,25275,,,,,,25.530
MADU TJ MURNI 250,1,30696,29.249,,27.788,30.969,29249,29249,"26909,08",29249,"34365,6",28732,27.788,33.410
INCIDAL OD,10,17760,130.640,16600,131.224,132.134,132134,129193,"15223,5",15984,"241693,2",130174,131.224,142.080
COOLING 5 PLUS,0,37274,35.098,,,38.439,37736,37274,,,35853,36894,,40.515
SANMOL TAB,11,55500,55.500,55400,55.500,55.500,54113,54549,"54953,91",54954,,54945,55.500,55.500
VOLTADEX TAB,7,27931,26.000,25200,27.116,26.000,26612,25530,,25000,,25000,27.116,29.000
CALADIN LOT 95ML ,1,23576,23.340,23500,23.576,23.340,23341,23105,23576,23341,"22397,2",,23.576,23.576
SANADRYL DMP 120 ML,1,20868,,,20.451,20.659,20659,,,20659,,20451,20.868,20.868
BIOPLACENTON 15G,0,29970,27.306,27200,28.305,28.305,27473,27473,33300,27306,29970,27306,27.306,33.300
THROMBOVOREN EMULGEL,0,,38.850,,,66.045,75369,,,,,,,
CALADIN LOT 60ML ,1,16750,,,16.247,,16582,16415,16750,16582,"15912,5",16415,16.750,16.750
ANAKONIDIN 30ML ,1,8214,7.803,,7.968,8.049,7803,7968,8214,,"7967,58",7803,8.546,8.214
TREMENZA,5,,,,,,,,,,,,,
CEREBROFORT GOLD JERUK,0,21987,21.987,,21.987,,,,21987,,21987,,,
IMBOOST FORCE TAB,2,209229,211.364,,209.229,211.363,207094,207094,213499,202824,,202824,213.499,213.498
SILADEX ATT 100ML,1,19381,18.981,,19.381,19.580,18981,19381,,,"19380,6",19381,19.381,19.980
KOOLFEVER ADULT,7,42300,41.877,,41.455,41.454,41454,41111,42300,41454,,,41.454,42.300
ROHTO COOL 7 ML,3,16780,16.095,,15.897,16.436,16266,15923,16733,16094,"15896,35",16095,16.780,17.122
DIAPET 10',5,69560,68.155,,68.502,70.263,68858,68155,70263,,"68857,74",67452,70.263,70.263
VEGETA HERBAL,13,207866,17.088,,17.145,203.616,17322,16969,17676,16792,"17145,72",17146,17.322,212.108
MICROTINA,5,69300,67.200,65000,,,,,,,61000,,,
SANMOL SYR 60 ML,4,19092,19.092,,18.701,,18615,18901,19092,,19092,18901,19.092,19.092
ASAM TRANEKSAMAT FM,3,154365,,,,129.675,,,,,,,,
ASAM TRANEKSAMAT BERNO,,180264,157.731,124000,,128.250,202797,135198,,,,,,
FARSIFEN 400 TAB,4,43024,42.180,41100,,46.360,,43587,,,,,,47.900
SUTRA CINTA ,1,7423,,,,,,6642,,,7104,,,7.104
SUTRA HITAM 3S,2,8362,194.355,,8.362,,195411,8362,,190130,8802,,,
KAPAK 28 ML,1,40000,39.152,39500,38.801,,38800,39000,767163,38800,40000,38000,38.800,40.000
ZORALIN CR,0,15751,14.439,,15.512,15.750,14438,15095,,14438,"16699,2",16014,,26.251
MICROLAX GEL 5ML,3,22271,21.812,21500,21.238,,21124,21124,22960,20664,,21469,21.812,22.960
PAMOL SYR 60 ML,0,29837,29.837,,29.837,28.904,31702,27972,,27972,"29836,8",28345,31.702,37.296
TEMPRA FORTE 60 ML,0,48396,48.396,,48.396,48.396,47912,47912,,47912,"47912,04",47912,49.924,
ALKOHOL SWAB OM,1,,,,10.301,10.260,,,,,,,,12.876
SUCRALFATE SUSP DEXA,3,12210,12.488,11600,15.540,12.587,,13320,,11999,,,12.462,15.500
TAWON FF,1,75002,75.002,,73.028,75.000,73028,73422,78949,73028,"75001,55",73423,72.631,78.949
TOLAK ANGIN CAIR DWS 1' ,25,46804,44.500,,46.000,46.500,45835,45177,44595,45002,,,46.577,46.200
CIPROFLOXACIN 500 HJ,0,47175,47.175,43100,,44.175,43040,43290,,44400,,42500,,49.700
VIGEL 30G,0,16334,17.194,,15.905,16.850,15647,15904,,15904,,16076,,17.538
MEDICATED OIL HIJAU 20 ML,1,25835,26.363,,25.044,25.834,25835,25788,26363,25572,,,26.362,26.363
NA DIKLOFENAK 50 PP,3,13054,,,11.100,12.825,,,,,,,9.990,13.950
NA DIKLOFENAK 50 FM,,16650,,,,,,11156,,10823,,,,16.045
NA DIKLOFENAK 50 NOVA,,16635,,,,16.625,,,,,,,,20.150
NA DIKLOFENAK 50 SAMCO,,15735,14.585,14600,,17.100,,14985,,15000,,,16.070,
NA DIKLOFENAK 50 DEXA,,19980,,,,,,,,,,,,
NA DIKLOFENAK 50 BERNO,,,13.201,,,17.575,21087,14386,,,15000,,13.848,
NA DIKLOFENAK 50 PROMED,,,41.459,,,,,,,,,,,
GPU SEREH 30 ML,2,9460,9.270,9100,9.271,9.460,9271,9082,9460,9271,9460,9176,9.272,9.460
GPU PALA 30 ML,2,,9.270,8900,9.271,,9271,,,,9460,,9.272,
ZENIREX SYR,1,7907,8.213,7300,7.493,7.250,7350,7974,16317,,7800,,7.607,7.900
FITKOM ANGGUR,1,,15.074,,15.827,16.153,15501,,16317,,"15990,66",,16.317,
SUTRA 003,1,,6.732,,12.791,145.413,12454,,12821,,"11444,4",,,13.465
AMOXSAN 500 MG,19,,,,,,,,,,,,,
GLIMEPIRIDE 4 DEXA,1,,,,,,,,,,,,,
PANADOL EXTRA 4',4,,,,,,,,,,,,,
POLYSILANE TAB,4,,,,,,,,,,,,,
BETADINE 5 ML,6,,,,,,,,,,,,,